path,size_bytes,sha256,valid
C:\Users\Student\atomicbot-retest-20260716\logs\atomicbot\AB-03\20260716-185246\AB-03-formal-summary.json,14147,1515b49ddc6b9264892a38ce719ac7c15ffbadf0dea3567786a24ef0f6ab8bcc,True
C:\Users\Student\atomicbot-retest-20260716\logs\atomicbot\AB-03\20260716-185246\pilot-combined.log,17194,4323346b8f5565b15280e6fe3a3cda27830eca4375144ae5f919cffe24a1899b,True
C:\Users\Student\atomicbot-retest-20260716\logs\atomicbot\AB-03\20260716-185246\pilot-command.json,1210,37dcf0e69964db7f8ae1ef3fa487683bbdbcd472ee2516c7b0db18b685333d88,True
C:\Users\Student\atomicbot-retest-20260716\logs\atomicbot\AB-03\20260716-185246\pilot-gpu-typeperf.csv,55905,e0caab58b501dd97794b2ef7f4f0d4ac6a81696c44cacf89710a4ee0373e85c2,True
C:\Users\Student\atomicbot-retest-20260716\logs\atomicbot\AB-03\20260716-185246\pilot-metrics.csv,820,61e3b4f3e8bcc6a99634c686278e0fbc216b6bec3bf12199704b8cf3774af2ec,True
C:\Users\Student\atomicbot-retest-20260716\logs\atomicbot\AB-03\20260716-185246\pilot-stderr.log,14366,8b9bb3ab368021cece1afddd4d8b62669f228896c1ce9fd03d7055a23637d7cc,True
C:\Users\Student\atomicbot-retest-20260716\logs\atomicbot\AB-03\20260716-185246\pilot-stdout.log,1189,ac9639b8c1ee8d4db1074d5171e2e2f11cb038643377b54a60eecd14e0c5a41c,True
C:\Users\Student\atomicbot-retest-20260716\logs\atomicbot\AB-03\20260716-185246\pilot-summary.json,2124,1daa37ac271c924c15b86cc870d2e4671e3f34b9fa722685a342458408b60021,True
C:\Users\Student\atomicbot-retest-20260716\logs\atomicbot\AB-03\20260716-185246\run01-combined.log,17504,f0605ef76f22ffb9ea0dd8d0594e1fa7a25ddf8fd57e136e66f11782de1e587a,True
C:\Users\Student\atomicbot-retest-20260716\logs\atomicbot\AB-03\20260716-185246\run01-command.json,1210,73d3a0f85d5efae196d34582ec299d0fa75da6c0494009ce20081c6306c088ad,True
C:\Users\Student\atomicbot-retest-20260716\logs\atomicbot\AB-03\20260716-185246\run01-gpu-typeperf.csv,59507,9ac3657bf70a72ed54c72d73ba46e71074297b862b67e5da742ce99d9d0fcd4f,True
C:\Users\Student\atomicbot-retest-20260716\logs\atomicbot\AB-03\20260716-185246\run01-metrics.csv,1085,38fd2b67bb973532b501ca9b9a73187e4ae43e043967c0a82079c76bbb52ceb3,True
C:\Users\Student\atomicbot-retest-20260716\logs\atomicbot\AB-03\20260716-185246\run01-stderr.log,14367,3c3a26b21c2a22315f9e6ac2363f98b40bc17b758dfc85a764179f37e9951376,True
C:\Users\Student\atomicbot-retest-20260716\logs\atomicbot\AB-03\20260716-185246\run01-stdout.log,1475,0c83e8bcf3c44fb1582975595c01c9214d9de7f42572a34b01d80a0fc6de90f8,True
C:\Users\Student\atomicbot-retest-20260716\logs\atomicbot\AB-03\20260716-185246\run01-summary.json,2408,bd345856fc2772d9fb9dc5a8c90660e65f6b3f912931eb870adb4d2e87b9f160,True
C:\Users\Student\atomicbot-retest-20260716\logs\atomicbot\AB-03\20260716-185246\run02-combined.log,17504,c6585cda77981ead2deb5b0867855b182fd83f0b37eff9b7559c6137db5ebaec,True
C:\Users\Student\atomicbot-retest-20260716\logs\atomicbot\AB-03\20260716-185246\run02-command.json,1210,73d3a0f85d5efae196d34582ec299d0fa75da6c0494009ce20081c6306c088ad,True
C:\Users\Student\atomicbot-retest-20260716\logs\atomicbot\AB-03\20260716-185246\run02-gpu-typeperf.csv,59507,4b61d19b7101bcb3434f1374d247e0c62b4b39d7e87608d7659d586d69bd093b,True
C:\Users\Student\atomicbot-retest-20260716\logs\atomicbot\AB-03\20260716-185246\run02-metrics.csv,1092,2e7553312655c50379f3fcff86c08fe145cd2eb7d3f58d42753f5a586f069792,True
C:\Users\Student\atomicbot-retest-20260716\logs\atomicbot\AB-03\20260716-185246\run02-stderr.log,14367,932f11c05253aea264bd7e3999e7563dbc03331a6032dfd96a164da2c6eab41f,True
C:\Users\Student\atomicbot-retest-20260716\logs\atomicbot\AB-03\20260716-185246\run02-stdout.log,1475,5b276f100f82bdd4ae295f15603e6e636b63a7fe7c5290e655530ff29c1c94a6,True
C:\Users\Student\atomicbot-retest-20260716\logs\atomicbot\AB-03\20260716-185246\run02-summary.json,2410,d6b9d4e77a174be887c4f9be079649dcd3dde2c95e516a90021b50fe50e6d7f4,True
C:\Users\Student\atomicbot-retest-20260716\logs\atomicbot\AB-03\20260716-185246\run03-combined.log,17504,a8223592cf1f33811841b4e72624b382fb1fbecde5d5ea4dff8b23b7adfaa36f,True
C:\Users\Student\atomicbot-retest-20260716\logs\atomicbot\AB-03\20260716-185246\run03-command.json,1210,73d3a0f85d5efae196d34582ec299d0fa75da6c0494009ce20081c6306c088ad,True
C:\Users\Student\atomicbot-retest-20260716\logs\atomicbot\AB-03\20260716-185246\run03-gpu-typeperf.csv,59534,dbaa110637476579f1f3b392cc8d19fa1abe998af8a1f8c37c5636b0ef423940,True
C:\Users\Student\atomicbot-retest-20260716\logs\atomicbot\AB-03\20260716-185246\run03-metrics.csv,1098,989b2f434e34918b1ed9f95a2588deb3b7ba8064e4f34a98df0c94aa587d2b3c,True
C:\Users\Student\atomicbot-retest-20260716\logs\atomicbot\AB-03\20260716-185246\run03-stderr.log,14367,309a61f7ef8dec3ef98b1f6386d59f9afb62d5f16db2b27a3d3a5e57c1645e39,True
C:\Users\Student\atomicbot-retest-20260716\logs\atomicbot\AB-03\20260716-185246\run03-stdout.log,1475,86b71bd4efb6d7f00f25c92b139b72eae8e163840a32e6b258e5e42de4a56b6d,True
C:\Users\Student\atomicbot-retest-20260716\logs\atomicbot\AB-03\20260716-185246\run03-summary.json,2410,d8dd1a54a30a72363c8d72ee2cea49ae3c0198b7e665e206b8ba0e5901352fdd,True
C:\Users\Student\atomicbot-retest-20260716\logs\atomicbot\AB-03\20260716-185246\warmup-combined.log,17504,2338ad86ecc2cb46b2ec44668a37d4f0a779c040e8194b831cac14c6f5d6fe03,True
C:\Users\Student\atomicbot-retest-20260716\logs\atomicbot\AB-03\20260716-185246\warmup-command.json,1210,73d3a0f85d5efae196d34582ec299d0fa75da6c0494009ce20081c6306c088ad,True
C:\Users\Student\atomicbot-retest-20260716\logs\atomicbot\AB-03\20260716-185246\warmup-gpu-typeperf.csv,59507,470d1eeaa484823e97c8ed01b957242b0e566ff1a3f9a5d6629cf6982d15b968,True
C:\Users\Student\atomicbot-retest-20260716\logs\atomicbot\AB-03\20260716-185246\warmup-metrics.csv,1094,4872ba5c572907e1b8d93a409066cc72fb1bf24954f227b483efbf00845e01c0,True
C:\Users\Student\atomicbot-retest-20260716\logs\atomicbot\AB-03\20260716-185246\warmup-stderr.log,14367,dad8f0fb0b6912cc846d067ee2d2e80a5be0914f7fe1638fe79f73dbefcc9667,True
C:\Users\Student\atomicbot-retest-20260716\logs\atomicbot\AB-03\20260716-185246\warmup-stdout.log,1475,f4bb9c0f6eee6ea9e244ba91a8666906e12fde3e2ed675326e5913a92b697443,True
C:\Users\Student\atomicbot-retest-20260716\logs\atomicbot\AB-03\20260716-185246\warmup-summary.json,2416,3cb88d98d8dd771dd488ed52b80333c948e572276fe725ae02de64d2fe861d4b,True
