Workbook_ID,Template_Path,Expected_SHA256,Variant,Variant_SHA256,Matches_Expected,Byte_Length
WB-01,docs/testing/workbooks/text-templates/01_Upstream_llama.cpp_Controlled_Retest_Workbook_v1.md,232ca9473c36610559bf35753ed5a64728b0c4406ee9f79e73db3f255d9c202f,current-repository-bytes,6f1097bce566f4e87cb20cdc348c98b3c23d7f82ee0d53984af5412d5a671820,False,9005
WB-01,docs/testing/workbooks/text-templates/01_Upstream_llama.cpp_Controlled_Retest_Workbook_v1.md,232ca9473c36610559bf35753ed5a64728b0c4406ee9f79e73db3f255d9c202f,utf8-lf-no-bom-no-final-newline,1cc7d0af5bfd6c3ae6c186c8ff981653450197f47bbcacea29c1edc9a13c6103,False,9004
WB-01,docs/testing/workbooks/text-templates/01_Upstream_llama.cpp_Controlled_Retest_Workbook_v1.md,232ca9473c36610559bf35753ed5a64728b0c4406ee9f79e73db3f255d9c202f,utf8-lf-no-bom-one-final-newline,6f1097bce566f4e87cb20cdc348c98b3c23d7f82ee0d53984af5412d5a671820,False,9005
WB-01,docs/testing/workbooks/text-templates/01_Upstream_llama.cpp_Controlled_Retest_Workbook_v1.md,232ca9473c36610559bf35753ed5a64728b0c4406ee9f79e73db3f255d9c202f,utf8-crlf-no-bom-no-final-newline,c7f5988e3313d08132feb1c397e3cfedae6dbf7dc2885399c1790759cf5e491d,False,9168
WB-01,docs/testing/workbooks/text-templates/01_Upstream_llama.cpp_Controlled_Retest_Workbook_v1.md,232ca9473c36610559bf35753ed5a64728b0c4406ee9f79e73db3f255d9c202f,utf8-crlf-no-bom-one-final-newline,ee2c4c6e493e253001210cb2db990a1a83337d384fa17bc46992a66ae706d9fb,False,9170
WB-01,docs/testing/workbooks/text-templates/01_Upstream_llama.cpp_Controlled_Retest_Workbook_v1.md,232ca9473c36610559bf35753ed5a64728b0c4406ee9f79e73db3f255d9c202f,utf8-lf-bom-no-final-newline,b299b2eca8386aa2f9fea8aadb37963fe6cb0810a38137200e3156c5ae56ff1d,False,9007
WB-01,docs/testing/workbooks/text-templates/01_Upstream_llama.cpp_Controlled_Retest_Workbook_v1.md,232ca9473c36610559bf35753ed5a64728b0c4406ee9f79e73db3f255d9c202f,utf8-lf-bom-one-final-newline,1cc73661cf7e89f9b773660bcbe9ad35b6657dd2b06118e4832dc47bddcdb90a,False,9008
WB-01,docs/testing/workbooks/text-templates/01_Upstream_llama.cpp_Controlled_Retest_Workbook_v1.md,232ca9473c36610559bf35753ed5a64728b0c4406ee9f79e73db3f255d9c202f,utf8-crlf-bom-no-final-newline,64b806649ebf58b0fa9c7c02f49f1f82f71dbb6fcffc19ab9817f5b0d4b2a4ef,False,9171
WB-01,docs/testing/workbooks/text-templates/01_Upstream_llama.cpp_Controlled_Retest_Workbook_v1.md,232ca9473c36610559bf35753ed5a64728b0c4406ee9f79e73db3f255d9c202f,utf8-crlf-bom-one-final-newline,e3d172aee9f9ffbcb730721800d565d3294d2ba3e3378607a2ca9476d64da464,False,9173
WB-01,docs/testing/workbooks/text-templates/01_Upstream_llama.cpp_Controlled_Retest_Workbook_v1.md,232ca9473c36610559bf35753ed5a64728b0c4406ee9f79e73db3f255d9c202f,utf16le-lf-bom-no-final-newline,c79680d5b990d9201890cc76916087dd5ac322de385d51ee57b4c59eaeb3da9a,False,17974
WB-01,docs/testing/workbooks/text-templates/01_Upstream_llama.cpp_Controlled_Retest_Workbook_v1.md,232ca9473c36610559bf35753ed5a64728b0c4406ee9f79e73db3f255d9c202f,utf16le-lf-bom-one-final-newline,d2b0061eb388ac31306ff6c4610e577134cec953aa04ae234efc95f1113e0e65,False,17976
WB-01,docs/testing/workbooks/text-templates/01_Upstream_llama.cpp_Controlled_Retest_Workbook_v1.md,232ca9473c36610559bf35753ed5a64728b0c4406ee9f79e73db3f255d9c202f,utf16le-crlf-bom-one-final-newline,74e6c99994edb103e2d878979d0f21b0a82fea0a35613d02698b303e74421d75,False,18306
WB-01,docs/testing/workbooks/text-templates/01_Upstream_llama.cpp_Controlled_Retest_Workbook_v1.md,232ca9473c36610559bf35753ed5a64728b0c4406ee9f79e73db3f255d9c202f,utf16be-lf-bom-one-final-newline,a1c4fa361fe1a741d0abd5aea2ae0a8c793818b3155ad4f33bb3d7769a1b989e,False,17976
WB-02,docs/testing/workbooks/text-templates/02_AtomicBot_TurboQuant_Controlled_Retest_Workbook_v1.md,b26c1c67f26feb3038b3a2f29b3c088eec13421ec61a0a7c42f282404df7e1f1,current-repository-bytes,95ba26ab0df875bee369effe1e5f769d91acbde58ee60fd11421fffb5ddda13f,False,13086
WB-02,docs/testing/workbooks/text-templates/02_AtomicBot_TurboQuant_Controlled_Retest_Workbook_v1.md,b26c1c67f26feb3038b3a2f29b3c088eec13421ec61a0a7c42f282404df7e1f1,utf8-lf-no-bom-no-final-newline,d61239a748e334db2377dba0f8dc1e1429fce3c2b64667d0068aac5a7e72a0b9,False,13085
WB-02,docs/testing/workbooks/text-templates/02_AtomicBot_TurboQuant_Controlled_Retest_Workbook_v1.md,b26c1c67f26feb3038b3a2f29b3c088eec13421ec61a0a7c42f282404df7e1f1,utf8-lf-no-bom-one-final-newline,95ba26ab0df875bee369effe1e5f769d91acbde58ee60fd11421fffb5ddda13f,False,13086
WB-02,docs/testing/workbooks/text-templates/02_AtomicBot_TurboQuant_Controlled_Retest_Workbook_v1.md,b26c1c67f26feb3038b3a2f29b3c088eec13421ec61a0a7c42f282404df7e1f1,utf8-crlf-no-bom-no-final-newline,193a12b94a762a84eef6b884aa5ee88f380bc3b07f371a977c035fcf9795180d,False,13321
WB-02,docs/testing/workbooks/text-templates/02_AtomicBot_TurboQuant_Controlled_Retest_Workbook_v1.md,b26c1c67f26feb3038b3a2f29b3c088eec13421ec61a0a7c42f282404df7e1f1,utf8-crlf-no-bom-one-final-newline,abd6b65cd2940cb58e0f2666959204b8154b73044878b184d5b5481e7b8eaba5,False,13323
WB-02,docs/testing/workbooks/text-templates/02_AtomicBot_TurboQuant_Controlled_Retest_Workbook_v1.md,b26c1c67f26feb3038b3a2f29b3c088eec13421ec61a0a7c42f282404df7e1f1,utf8-lf-bom-no-final-newline,a19263e6e5694dce0528e654788d5bb931e3d7e51e61f6bc788750cb56a85165,False,13088
WB-02,docs/testing/workbooks/text-templates/02_AtomicBot_TurboQuant_Controlled_Retest_Workbook_v1.md,b26c1c67f26feb3038b3a2f29b3c088eec13421ec61a0a7c42f282404df7e1f1,utf8-lf-bom-one-final-newline,6505c465d4b6afff92200c5c7f8b82ab747ea280366a61707b723d4118b32f4e,False,13089
WB-02,docs/testing/workbooks/text-templates/02_AtomicBot_TurboQuant_Controlled_Retest_Workbook_v1.md,b26c1c67f26feb3038b3a2f29b3c088eec13421ec61a0a7c42f282404df7e1f1,utf8-crlf-bom-no-final-newline,e2f40d87a79f99644e6eac3ad6e33a9d233bf4ddb1841a66e719d297a7017016,False,13324
WB-02,docs/testing/workbooks/text-templates/02_AtomicBot_TurboQuant_Controlled_Retest_Workbook_v1.md,b26c1c67f26feb3038b3a2f29b3c088eec13421ec61a0a7c42f282404df7e1f1,utf8-crlf-bom-one-final-newline,9aa5d45d0c091153630e898e48ac17de60335702432a586ae810446f5bf9541d,False,13326
WB-02,docs/testing/workbooks/text-templates/02_AtomicBot_TurboQuant_Controlled_Retest_Workbook_v1.md,b26c1c67f26feb3038b3a2f29b3c088eec13421ec61a0a7c42f282404df7e1f1,utf16le-lf-bom-no-final-newline,d62ddd2b9d54b4055d924475116e4b025d03f4ecb7b547f5a6c5c1937e8a52ba,False,26172
WB-02,docs/testing/workbooks/text-templates/02_AtomicBot_TurboQuant_Controlled_Retest_Workbook_v1.md,b26c1c67f26feb3038b3a2f29b3c088eec13421ec61a0a7c42f282404df7e1f1,utf16le-lf-bom-one-final-newline,b6852049e7ec567b061ac1145881eb0809352a1ddd045e9da2c6bbba9be70cba,False,26174
WB-02,docs/testing/workbooks/text-templates/02_AtomicBot_TurboQuant_Controlled_Retest_Workbook_v1.md,b26c1c67f26feb3038b3a2f29b3c088eec13421ec61a0a7c42f282404df7e1f1,utf16le-crlf-bom-one-final-newline,fbd0cca24b42ff0deecc5d02329cffa2838b95999c3c825adad9fe2c4c850bef,False,26648
WB-02,docs/testing/workbooks/text-templates/02_AtomicBot_TurboQuant_Controlled_Retest_Workbook_v1.md,b26c1c67f26feb3038b3a2f29b3c088eec13421ec61a0a7c42f282404df7e1f1,utf16be-lf-bom-one-final-newline,f2e1a58aff4d8bbd3fba1d60b5f40bf787e6ed071b01c17e3b4122b26d5c16a6,False,26174
WB-03,docs/testing/workbooks/text-templates/03_animehacker_TQ3_0_Controlled_Retest_Workbook_v1.md,63c55ad627e69a002b6e74c2323cf11d193a02c183c6b8cf5b6565210b28a63e,current-repository-bytes,dcc6fae1e25e1b9c1c1bb312d99951e04e0a73a1299f5569771784615dd35a39,False,7494
WB-03,docs/testing/workbooks/text-templates/03_animehacker_TQ3_0_Controlled_Retest_Workbook_v1.md,63c55ad627e69a002b6e74c2323cf11d193a02c183c6b8cf5b6565210b28a63e,utf8-lf-no-bom-no-final-newline,6bc16c723f8380e22139818bf0fe69f6c4f8346d09183f8a4a4050ea62da1366,False,7493
WB-03,docs/testing/workbooks/text-templates/03_animehacker_TQ3_0_Controlled_Retest_Workbook_v1.md,63c55ad627e69a002b6e74c2323cf11d193a02c183c6b8cf5b6565210b28a63e,utf8-lf-no-bom-one-final-newline,dcc6fae1e25e1b9c1c1bb312d99951e04e0a73a1299f5569771784615dd35a39,False,7494
WB-03,docs/testing/workbooks/text-templates/03_animehacker_TQ3_0_Controlled_Retest_Workbook_v1.md,63c55ad627e69a002b6e74c2323cf11d193a02c183c6b8cf5b6565210b28a63e,utf8-crlf-no-bom-no-final-newline,0eb2fd0b74f8789b78d8b03129f24e0290e04f480ce9ee1c0161c920162dfdcf,False,7659
WB-03,docs/testing/workbooks/text-templates/03_animehacker_TQ3_0_Controlled_Retest_Workbook_v1.md,63c55ad627e69a002b6e74c2323cf11d193a02c183c6b8cf5b6565210b28a63e,utf8-crlf-no-bom-one-final-newline,879d2be461747492d28d9794eb9226b85507d6b3329a7929a3679e8cf1dbbde4,False,7661
WB-03,docs/testing/workbooks/text-templates/03_animehacker_TQ3_0_Controlled_Retest_Workbook_v1.md,63c55ad627e69a002b6e74c2323cf11d193a02c183c6b8cf5b6565210b28a63e,utf8-lf-bom-no-final-newline,467ba2e86feb1cdfa4474634e59eb201e97f18b7c831e9b53e43df2818146dad,False,7496
WB-03,docs/testing/workbooks/text-templates/03_animehacker_TQ3_0_Controlled_Retest_Workbook_v1.md,63c55ad627e69a002b6e74c2323cf11d193a02c183c6b8cf5b6565210b28a63e,utf8-lf-bom-one-final-newline,a3208e367c2f2bc2a482e8ac8ca0cfce43bc51fe1ebb56bec990c763cfc74e3c,False,7497
WB-03,docs/testing/workbooks/text-templates/03_animehacker_TQ3_0_Controlled_Retest_Workbook_v1.md,63c55ad627e69a002b6e74c2323cf11d193a02c183c6b8cf5b6565210b28a63e,utf8-crlf-bom-no-final-newline,92ac38de3857e0cb6ecf1aa243457679a3e907295d2a178732de6b8b8399b5d0,False,7662
WB-03,docs/testing/workbooks/text-templates/03_animehacker_TQ3_0_Controlled_Retest_Workbook_v1.md,63c55ad627e69a002b6e74c2323cf11d193a02c183c6b8cf5b6565210b28a63e,utf8-crlf-bom-one-final-newline,b75f01094517b705866bf73056ef596cdddc0543beade85e381d65a2de839c16,False,7664
WB-03,docs/testing/workbooks/text-templates/03_animehacker_TQ3_0_Controlled_Retest_Workbook_v1.md,63c55ad627e69a002b6e74c2323cf11d193a02c183c6b8cf5b6565210b28a63e,utf16le-lf-bom-no-final-newline,86bd9a0769619f22405113f15eb2e6da322554c691e5d39527a2dc814bfd7a2b,False,14988
WB-03,docs/testing/workbooks/text-templates/03_animehacker_TQ3_0_Controlled_Retest_Workbook_v1.md,63c55ad627e69a002b6e74c2323cf11d193a02c183c6b8cf5b6565210b28a63e,utf16le-lf-bom-one-final-newline,d64d737bc1b9de237dc71fbc1e34a871708e32232fa3a9252dbd5a93ebdd865e,False,14990
WB-03,docs/testing/workbooks/text-templates/03_animehacker_TQ3_0_Controlled_Retest_Workbook_v1.md,63c55ad627e69a002b6e74c2323cf11d193a02c183c6b8cf5b6565210b28a63e,utf16le-crlf-bom-one-final-newline,831b539b3b0c8f659bf623c63e986cda5301a16fe01a97db85ebc030dfd7f9b2,False,15324
WB-03,docs/testing/workbooks/text-templates/03_animehacker_TQ3_0_Controlled_Retest_Workbook_v1.md,63c55ad627e69a002b6e74c2323cf11d193a02c183c6b8cf5b6565210b28a63e,utf16be-lf-bom-one-final-newline,3bf1df31ea065ec13662aa382bf5de6bbab7a3b50f245198345fce50f20b9778,False,14990
WB-04,docs/testing/workbooks/text-templates/04_Official_OpenVINO_Controlled_Retest_Workbook_v1.md,097ab019e248188d468ec701d57f397063eca2c42c8fe72f71ffdaa82ecdf26e,current-repository-bytes,097ab019e248188d468ec701d57f397063eca2c42c8fe72f71ffdaa82ecdf26e,True,14146
WB-04,docs/testing/workbooks/text-templates/04_Official_OpenVINO_Controlled_Retest_Workbook_v1.md,097ab019e248188d468ec701d57f397063eca2c42c8fe72f71ffdaa82ecdf26e,utf8-lf-no-bom-no-final-newline,e5bea298de32a8e2d9fdc444c128524b0fcb957fbe5af8a7b0a123aef54efc14,False,14145
WB-04,docs/testing/workbooks/text-templates/04_Official_OpenVINO_Controlled_Retest_Workbook_v1.md,097ab019e248188d468ec701d57f397063eca2c42c8fe72f71ffdaa82ecdf26e,utf8-lf-no-bom-one-final-newline,097ab019e248188d468ec701d57f397063eca2c42c8fe72f71ffdaa82ecdf26e,True,14146
WB-04,docs/testing/workbooks/text-templates/04_Official_OpenVINO_Controlled_Retest_Workbook_v1.md,097ab019e248188d468ec701d57f397063eca2c42c8fe72f71ffdaa82ecdf26e,utf8-crlf-no-bom-no-final-newline,2acf0a054ad9e1136041229c5a740203b7ee2632fce4d367402e687a610cd4bd,False,14409
WB-04,docs/testing/workbooks/text-templates/04_Official_OpenVINO_Controlled_Retest_Workbook_v1.md,097ab019e248188d468ec701d57f397063eca2c42c8fe72f71ffdaa82ecdf26e,utf8-crlf-no-bom-one-final-newline,d215839813f9baf9e95c3810afa5e7054e20836470300e87c04ad5fdd00eb3e3,False,14411
WB-04,docs/testing/workbooks/text-templates/04_Official_OpenVINO_Controlled_Retest_Workbook_v1.md,097ab019e248188d468ec701d57f397063eca2c42c8fe72f71ffdaa82ecdf26e,utf8-lf-bom-no-final-newline,bb4af3fb9c8aba7b67fbd48b675312960070c31a3bd89253e91efd66e32fad51,False,14148
WB-04,docs/testing/workbooks/text-templates/04_Official_OpenVINO_Controlled_Retest_Workbook_v1.md,097ab019e248188d468ec701d57f397063eca2c42c8fe72f71ffdaa82ecdf26e,utf8-lf-bom-one-final-newline,434b24b93ee1590b6e259db9c18ceb0a419b2fe4d1f736f94f092af6f2057a58,False,14149
WB-04,docs/testing/workbooks/text-templates/04_Official_OpenVINO_Controlled_Retest_Workbook_v1.md,097ab019e248188d468ec701d57f397063eca2c42c8fe72f71ffdaa82ecdf26e,utf8-crlf-bom-no-final-newline,c25d6a89aafd2213485009a6eff4d4e129e9859a06d89ee125cb699c27115886,False,14412
WB-04,docs/testing/workbooks/text-templates/04_Official_OpenVINO_Controlled_Retest_Workbook_v1.md,097ab019e248188d468ec701d57f397063eca2c42c8fe72f71ffdaa82ecdf26e,utf8-crlf-bom-one-final-newline,f60176ff53f3a74b6d3c47eb21bd1d587393eaf90055c8f750e9c2a5041a7303,False,14414
WB-04,docs/testing/workbooks/text-templates/04_Official_OpenVINO_Controlled_Retest_Workbook_v1.md,097ab019e248188d468ec701d57f397063eca2c42c8fe72f71ffdaa82ecdf26e,utf16le-lf-bom-no-final-newline,fd3e16dad677421d91f4065ab9895ca0344a85d53cab8eb865b220bb87cb2786,False,28292
WB-04,docs/testing/workbooks/text-templates/04_Official_OpenVINO_Controlled_Retest_Workbook_v1.md,097ab019e248188d468ec701d57f397063eca2c42c8fe72f71ffdaa82ecdf26e,utf16le-lf-bom-one-final-newline,f5e2bd8c505669b6ec6cc8ee3139e2b948c8f0a803995122c85d50d6d0be1f26,False,28294
WB-04,docs/testing/workbooks/text-templates/04_Official_OpenVINO_Controlled_Retest_Workbook_v1.md,097ab019e248188d468ec701d57f397063eca2c42c8fe72f71ffdaa82ecdf26e,utf16le-crlf-bom-one-final-newline,ac017092e1422d1d0ca4a6155b0088b21a1fb102ae50ca306e11f87e80720778,False,28824
WB-04,docs/testing/workbooks/text-templates/04_Official_OpenVINO_Controlled_Retest_Workbook_v1.md,097ab019e248188d468ec701d57f397063eca2c42c8fe72f71ffdaa82ecdf26e,utf16be-lf-bom-one-final-newline,1608bef6eeccabd553fe141587cc77768af4ed70417d67685454439873131cf4,False,28294
WB-05,docs/testing/workbooks/text-templates/05_Custom_OpenVINO_TurboQuant_Controlled_Retest_Workbook_v1.md,b91af6ce26f19b019d514aee0d5b71ad8fc3bd95921de69757fa9552f6876d42,current-repository-bytes,bc412ff3049805848b651ba6a45e28ba5b1c1a13a6e8160f5f57391399c037f7,False,19216
WB-05,docs/testing/workbooks/text-templates/05_Custom_OpenVINO_TurboQuant_Controlled_Retest_Workbook_v1.md,b91af6ce26f19b019d514aee0d5b71ad8fc3bd95921de69757fa9552f6876d42,utf8-lf-no-bom-no-final-newline,305cc341045bc050f54201eb9e2712d8f7627743f756f0a33e38764284c3f18e,False,19215
WB-05,docs/testing/workbooks/text-templates/05_Custom_OpenVINO_TurboQuant_Controlled_Retest_Workbook_v1.md,b91af6ce26f19b019d514aee0d5b71ad8fc3bd95921de69757fa9552f6876d42,utf8-lf-no-bom-one-final-newline,bc412ff3049805848b651ba6a45e28ba5b1c1a13a6e8160f5f57391399c037f7,False,19216
WB-05,docs/testing/workbooks/text-templates/05_Custom_OpenVINO_TurboQuant_Controlled_Retest_Workbook_v1.md,b91af6ce26f19b019d514aee0d5b71ad8fc3bd95921de69757fa9552f6876d42,utf8-crlf-no-bom-no-final-newline,c26ded1aabdf3747fe0b9b2ffce86545640df5098717706728c1c20a9a22b691,False,19539
WB-05,docs/testing/workbooks/text-templates/05_Custom_OpenVINO_TurboQuant_Controlled_Retest_Workbook_v1.md,b91af6ce26f19b019d514aee0d5b71ad8fc3bd95921de69757fa9552f6876d42,utf8-crlf-no-bom-one-final-newline,b629f1aebcc178dc37f4ebd01fbdc061d21ffb133510dbfcaf589d16d86ca640,False,19541
WB-05,docs/testing/workbooks/text-templates/05_Custom_OpenVINO_TurboQuant_Controlled_Retest_Workbook_v1.md,b91af6ce26f19b019d514aee0d5b71ad8fc3bd95921de69757fa9552f6876d42,utf8-lf-bom-no-final-newline,364424597b9e76c5e03e9fa7d5f3385f50fb8b1c5836fe519240443f6672a176,False,19218
WB-05,docs/testing/workbooks/text-templates/05_Custom_OpenVINO_TurboQuant_Controlled_Retest_Workbook_v1.md,b91af6ce26f19b019d514aee0d5b71ad8fc3bd95921de69757fa9552f6876d42,utf8-lf-bom-one-final-newline,f96d88ce00a85c2896ca87e140c67251515d725b93edadebb76c2be5eef2f392,False,19219
WB-05,docs/testing/workbooks/text-templates/05_Custom_OpenVINO_TurboQuant_Controlled_Retest_Workbook_v1.md,b91af6ce26f19b019d514aee0d5b71ad8fc3bd95921de69757fa9552f6876d42,utf8-crlf-bom-no-final-newline,c8e2cbf0bf0fe7446d8159751b90d1451ed4298e2611e3b3a6d634901145716e,False,19542
WB-05,docs/testing/workbooks/text-templates/05_Custom_OpenVINO_TurboQuant_Controlled_Retest_Workbook_v1.md,b91af6ce26f19b019d514aee0d5b71ad8fc3bd95921de69757fa9552f6876d42,utf8-crlf-bom-one-final-newline,64a5dce11a1337bee735e4f0322a477a7baff2bea7f96b7021ecc9a5877ca401,False,19544
WB-05,docs/testing/workbooks/text-templates/05_Custom_OpenVINO_TurboQuant_Controlled_Retest_Workbook_v1.md,b91af6ce26f19b019d514aee0d5b71ad8fc3bd95921de69757fa9552f6876d42,utf16le-lf-bom-no-final-newline,b641ca3ae4af1b0f183cfb7e98f7dd3b22be2af350af606532e7a8f3dc26a1f3,False,38432
WB-05,docs/testing/workbooks/text-templates/05_Custom_OpenVINO_TurboQuant_Controlled_Retest_Workbook_v1.md,b91af6ce26f19b019d514aee0d5b71ad8fc3bd95921de69757fa9552f6876d42,utf16le-lf-bom-one-final-newline,3dc0c69b9dc4390d824da9bde8459067ae231aac1fbf499039232a751f0dedda,False,38434
WB-05,docs/testing/workbooks/text-templates/05_Custom_OpenVINO_TurboQuant_Controlled_Retest_Workbook_v1.md,b91af6ce26f19b019d514aee0d5b71ad8fc3bd95921de69757fa9552f6876d42,utf16le-crlf-bom-one-final-newline,aa24c9a35bc903ffcbdf8b675141de468bd25b990d7c13f78f18a3e0331520ed,False,39084
WB-05,docs/testing/workbooks/text-templates/05_Custom_OpenVINO_TurboQuant_Controlled_Retest_Workbook_v1.md,b91af6ce26f19b019d514aee0d5b71ad8fc3bd95921de69757fa9552f6876d42,utf16be-lf-bom-one-final-newline,549e8f2a485ac881666422504891b0d2eec4b8454c055cce4e74dca6e9c83176,False,38434
WB-06,docs/testing/workbooks/text-templates/06_Cross_Route_Controlled_Comparison_Workbook_v1.md,fd652fcae5adc28be74745dffbec937eaf419997fffa2a2d30d4c210751584f9,current-repository-bytes,efa96d1c6cb81b1aac8aa650161bae4425eec744bd49d5fec010ce86b9aa54b6,False,9960
WB-06,docs/testing/workbooks/text-templates/06_Cross_Route_Controlled_Comparison_Workbook_v1.md,fd652fcae5adc28be74745dffbec937eaf419997fffa2a2d30d4c210751584f9,utf8-lf-no-bom-no-final-newline,db093be910dc18281a173f1adcc11ebb11279b0ef746689dd833b59610cd042f,False,9959
WB-06,docs/testing/workbooks/text-templates/06_Cross_Route_Controlled_Comparison_Workbook_v1.md,fd652fcae5adc28be74745dffbec937eaf419997fffa2a2d30d4c210751584f9,utf8-lf-no-bom-one-final-newline,efa96d1c6cb81b1aac8aa650161bae4425eec744bd49d5fec010ce86b9aa54b6,False,9960
WB-06,docs/testing/workbooks/text-templates/06_Cross_Route_Controlled_Comparison_Workbook_v1.md,fd652fcae5adc28be74745dffbec937eaf419997fffa2a2d30d4c210751584f9,utf8-crlf-no-bom-no-final-newline,7b9696ba188f759a791da6cd70f67892d640e26f0ffecfe3fb570580a184cedf,False,10162
WB-06,docs/testing/workbooks/text-templates/06_Cross_Route_Controlled_Comparison_Workbook_v1.md,fd652fcae5adc28be74745dffbec937eaf419997fffa2a2d30d4c210751584f9,utf8-crlf-no-bom-one-final-newline,87381516418eb5a745328084ea14bf75db0f9012ecde3cd51c6ebd5689de2596,False,10164
WB-06,docs/testing/workbooks/text-templates/06_Cross_Route_Controlled_Comparison_Workbook_v1.md,fd652fcae5adc28be74745dffbec937eaf419997fffa2a2d30d4c210751584f9,utf8-lf-bom-no-final-newline,74c364c4a4e563ea2ebf7f3f17dfccbf9cbd4b5394fe78cffa3e1438b10b8f93,False,9962
WB-06,docs/testing/workbooks/text-templates/06_Cross_Route_Controlled_Comparison_Workbook_v1.md,fd652fcae5adc28be74745dffbec937eaf419997fffa2a2d30d4c210751584f9,utf8-lf-bom-one-final-newline,bf338bdb9c9bb8465c201335f834d08e6b65f7f24cc308c99385505419eee568,False,9963
WB-06,docs/testing/workbooks/text-templates/06_Cross_Route_Controlled_Comparison_Workbook_v1.md,fd652fcae5adc28be74745dffbec937eaf419997fffa2a2d30d4c210751584f9,utf8-crlf-bom-no-final-newline,6174c8d982fac9f594a2765b47049ef50f278ff6581b459d4d28a64159bcec75,False,10165
WB-06,docs/testing/workbooks/text-templates/06_Cross_Route_Controlled_Comparison_Workbook_v1.md,fd652fcae5adc28be74745dffbec937eaf419997fffa2a2d30d4c210751584f9,utf8-crlf-bom-one-final-newline,8a0a2145ba3afefcd61aa0099b2c8ab5ff992de8c85752782515d91081640cbe,False,10167
WB-06,docs/testing/workbooks/text-templates/06_Cross_Route_Controlled_Comparison_Workbook_v1.md,fd652fcae5adc28be74745dffbec937eaf419997fffa2a2d30d4c210751584f9,utf16le-lf-bom-no-final-newline,07f4eb56818450c96faf6a9a5e7009a9b4112af8055f0dba56c8cadac084d7f4,False,19920
WB-06,docs/testing/workbooks/text-templates/06_Cross_Route_Controlled_Comparison_Workbook_v1.md,fd652fcae5adc28be74745dffbec937eaf419997fffa2a2d30d4c210751584f9,utf16le-lf-bom-one-final-newline,5aa3a0c1798b4a037a0056b703d9165b05db151931e1700b1fc81309bac40e74,False,19922
WB-06,docs/testing/workbooks/text-templates/06_Cross_Route_Controlled_Comparison_Workbook_v1.md,fd652fcae5adc28be74745dffbec937eaf419997fffa2a2d30d4c210751584f9,utf16le-crlf-bom-one-final-newline,5542520af0abe8359ead5d158efa03696684c88e07e74ba8671e40ec83fcd866,False,20330
WB-06,docs/testing/workbooks/text-templates/06_Cross_Route_Controlled_Comparison_Workbook_v1.md,fd652fcae5adc28be74745dffbec937eaf419997fffa2a2d30d4c210751584f9,utf16be-lf-bom-one-final-newline,78d0a89b7acebfc40f440f2e20d29bfa9d48050e3bfa8144e46b0ede6858bcd8,False,19922
