Workbook_ID,Template_Path,Commit_SHA,Historical_SHA256,Matches_Expected,Byte_Length
WB-01,docs/testing/workbooks/text-templates/01_Upstream_llama.cpp_Controlled_Retest_Workbook_v1.md,6be265ae9c3b76460939c6b4dfa7760683972fe8,6f1097bce566f4e87cb20cdc348c98b3c23d7f82ee0d53984af5412d5a671820,False,9005
WB-01,docs/testing/workbooks/text-templates/01_Upstream_llama.cpp_Controlled_Retest_Workbook_v1.md,9ea9429ff23a4a3eb7274d61ce27b8fc8f94c2a8,6f1097bce566f4e87cb20cdc348c98b3c23d7f82ee0d53984af5412d5a671820,False,9005
WB-01,docs/testing/workbooks/text-templates/01_Upstream_llama.cpp_Controlled_Retest_Workbook_v1.md,5b48d4d64c1bc0037b281abc16e710196170211b,6f1097bce566f4e87cb20cdc348c98b3c23d7f82ee0d53984af5412d5a671820,False,9005
WB-01,docs/testing/workbooks/text-templates/01_Upstream_llama.cpp_Controlled_Retest_Workbook_v1.md,d663fa366e469fe082d22ed5f88c2609cb6437dc,6f1097bce566f4e87cb20cdc348c98b3c23d7f82ee0d53984af5412d5a671820,False,9005
WB-01,docs/testing/workbooks/text-templates/01_Upstream_llama.cpp_Controlled_Retest_Workbook_v1.md,ad41b6504a2f7774f974beae8fd3d311f256ca29,6f1097bce566f4e87cb20cdc348c98b3c23d7f82ee0d53984af5412d5a671820,False,9005
WB-02,docs/testing/workbooks/text-templates/02_AtomicBot_TurboQuant_Controlled_Retest_Workbook_v1.md,6be265ae9c3b76460939c6b4dfa7760683972fe8,95ba26ab0df875bee369effe1e5f769d91acbde58ee60fd11421fffb5ddda13f,False,13086
WB-02,docs/testing/workbooks/text-templates/02_AtomicBot_TurboQuant_Controlled_Retest_Workbook_v1.md,9ea9429ff23a4a3eb7274d61ce27b8fc8f94c2a8,95ba26ab0df875bee369effe1e5f769d91acbde58ee60fd11421fffb5ddda13f,False,13086
WB-02,docs/testing/workbooks/text-templates/02_AtomicBot_TurboQuant_Controlled_Retest_Workbook_v1.md,5b48d4d64c1bc0037b281abc16e710196170211b,95ba26ab0df875bee369effe1e5f769d91acbde58ee60fd11421fffb5ddda13f,False,13086
WB-02,docs/testing/workbooks/text-templates/02_AtomicBot_TurboQuant_Controlled_Retest_Workbook_v1.md,d663fa366e469fe082d22ed5f88c2609cb6437dc,95ba26ab0df875bee369effe1e5f769d91acbde58ee60fd11421fffb5ddda13f,False,13086
WB-02,docs/testing/workbooks/text-templates/02_AtomicBot_TurboQuant_Controlled_Retest_Workbook_v1.md,917864ee95e8806d82a889740fca2a8ceb061a12,95ba26ab0df875bee369effe1e5f769d91acbde58ee60fd11421fffb5ddda13f,False,13086
WB-03,docs/testing/workbooks/text-templates/03_animehacker_TQ3_0_Controlled_Retest_Workbook_v1.md,6be265ae9c3b76460939c6b4dfa7760683972fe8,dcc6fae1e25e1b9c1c1bb312d99951e04e0a73a1299f5569771784615dd35a39,False,7494
WB-03,docs/testing/workbooks/text-templates/03_animehacker_TQ3_0_Controlled_Retest_Workbook_v1.md,9ea9429ff23a4a3eb7274d61ce27b8fc8f94c2a8,dcc6fae1e25e1b9c1c1bb312d99951e04e0a73a1299f5569771784615dd35a39,False,7494
WB-03,docs/testing/workbooks/text-templates/03_animehacker_TQ3_0_Controlled_Retest_Workbook_v1.md,5b48d4d64c1bc0037b281abc16e710196170211b,dcc6fae1e25e1b9c1c1bb312d99951e04e0a73a1299f5569771784615dd35a39,False,7494
WB-03,docs/testing/workbooks/text-templates/03_animehacker_TQ3_0_Controlled_Retest_Workbook_v1.md,d663fa366e469fe082d22ed5f88c2609cb6437dc,dcc6fae1e25e1b9c1c1bb312d99951e04e0a73a1299f5569771784615dd35a39,False,7494
WB-03,docs/testing/workbooks/text-templates/03_animehacker_TQ3_0_Controlled_Retest_Workbook_v1.md,a8fe11f10ae5138b4a6b16bcc41fcc4ccbb8de56,dcc6fae1e25e1b9c1c1bb312d99951e04e0a73a1299f5569771784615dd35a39,False,7494
WB-04,docs/testing/workbooks/text-templates/04_Official_OpenVINO_Controlled_Retest_Workbook_v1.md,6be265ae9c3b76460939c6b4dfa7760683972fe8,097ab019e248188d468ec701d57f397063eca2c42c8fe72f71ffdaa82ecdf26e,True,14146
WB-04,docs/testing/workbooks/text-templates/04_Official_OpenVINO_Controlled_Retest_Workbook_v1.md,9ea9429ff23a4a3eb7274d61ce27b8fc8f94c2a8,097ab019e248188d468ec701d57f397063eca2c42c8fe72f71ffdaa82ecdf26e,True,14146
WB-04,docs/testing/workbooks/text-templates/04_Official_OpenVINO_Controlled_Retest_Workbook_v1.md,5b48d4d64c1bc0037b281abc16e710196170211b,097ab019e248188d468ec701d57f397063eca2c42c8fe72f71ffdaa82ecdf26e,True,14146
WB-04,docs/testing/workbooks/text-templates/04_Official_OpenVINO_Controlled_Retest_Workbook_v1.md,c5f037389ba0cdaa466033dfeb2ae584f84fd690,097ab019e248188d468ec701d57f397063eca2c42c8fe72f71ffdaa82ecdf26e,True,14146
WB-04,docs/testing/workbooks/text-templates/04_Official_OpenVINO_Controlled_Retest_Workbook_v1.md,8d02bea5342511bcd08dbfbe39b9a39cf7e5d415,097ab019e248188d468ec701d57f397063eca2c42c8fe72f71ffdaa82ecdf26e,True,14146
WB-04,docs/testing/workbooks/text-templates/04_Official_OpenVINO_Controlled_Retest_Workbook_v1.md,d663fa366e469fe082d22ed5f88c2609cb6437dc,f220e8d7da641a449309f197ad9db647a4b221e5c082de6ba79913dfd4b1b63b,False,7508
WB-04,docs/testing/workbooks/text-templates/04_Official_OpenVINO_Controlled_Retest_Workbook_v1.md,7bcec761919aa370bb85dbfeddb474e8248bc157,f220e8d7da641a449309f197ad9db647a4b221e5c082de6ba79913dfd4b1b63b,False,7508
WB-05,docs/testing/workbooks/text-templates/05_Custom_OpenVINO_TurboQuant_Controlled_Retest_Workbook_v1.md,6be265ae9c3b76460939c6b4dfa7760683972fe8,bc412ff3049805848b651ba6a45e28ba5b1c1a13a6e8160f5f57391399c037f7,False,19216
WB-05,docs/testing/workbooks/text-templates/05_Custom_OpenVINO_TurboQuant_Controlled_Retest_Workbook_v1.md,9ea9429ff23a4a3eb7274d61ce27b8fc8f94c2a8,bc412ff3049805848b651ba6a45e28ba5b1c1a13a6e8160f5f57391399c037f7,False,19216
WB-05,docs/testing/workbooks/text-templates/05_Custom_OpenVINO_TurboQuant_Controlled_Retest_Workbook_v1.md,5b48d4d64c1bc0037b281abc16e710196170211b,bc412ff3049805848b651ba6a45e28ba5b1c1a13a6e8160f5f57391399c037f7,False,19216
WB-05,docs/testing/workbooks/text-templates/05_Custom_OpenVINO_TurboQuant_Controlled_Retest_Workbook_v1.md,c5f037389ba0cdaa466033dfeb2ae584f84fd690,bc412ff3049805848b651ba6a45e28ba5b1c1a13a6e8160f5f57391399c037f7,False,19216
WB-05,docs/testing/workbooks/text-templates/05_Custom_OpenVINO_TurboQuant_Controlled_Retest_Workbook_v1.md,8d02bea5342511bcd08dbfbe39b9a39cf7e5d415,bc412ff3049805848b651ba6a45e28ba5b1c1a13a6e8160f5f57391399c037f7,False,19216
WB-05,docs/testing/workbooks/text-templates/05_Custom_OpenVINO_TurboQuant_Controlled_Retest_Workbook_v1.md,d663fa366e469fe082d22ed5f88c2609cb6437dc,e65e22fda9ba3ddd5a653ff3307ad97018bc20f1a57db6e5d371aba171181138,False,7556
WB-05,docs/testing/workbooks/text-templates/05_Custom_OpenVINO_TurboQuant_Controlled_Retest_Workbook_v1.md,fc1edd3b80917e8eac0d2f2e1426a98fa6204a97,e65e22fda9ba3ddd5a653ff3307ad97018bc20f1a57db6e5d371aba171181138,False,7556
WB-06,docs/testing/workbooks/text-templates/06_Cross_Route_Controlled_Comparison_Workbook_v1.md,6be265ae9c3b76460939c6b4dfa7760683972fe8,efa96d1c6cb81b1aac8aa650161bae4425eec744bd49d5fec010ce86b9aa54b6,False,9960
WB-06,docs/testing/workbooks/text-templates/06_Cross_Route_Controlled_Comparison_Workbook_v1.md,9ea9429ff23a4a3eb7274d61ce27b8fc8f94c2a8,efa96d1c6cb81b1aac8aa650161bae4425eec744bd49d5fec010ce86b9aa54b6,False,9960
WB-06,docs/testing/workbooks/text-templates/06_Cross_Route_Controlled_Comparison_Workbook_v1.md,5b48d4d64c1bc0037b281abc16e710196170211b,efa96d1c6cb81b1aac8aa650161bae4425eec744bd49d5fec010ce86b9aa54b6,False,9960
WB-06,docs/testing/workbooks/text-templates/06_Cross_Route_Controlled_Comparison_Workbook_v1.md,c5f037389ba0cdaa466033dfeb2ae584f84fd690,efa96d1c6cb81b1aac8aa650161bae4425eec744bd49d5fec010ce86b9aa54b6,False,9960
WB-06,docs/testing/workbooks/text-templates/06_Cross_Route_Controlled_Comparison_Workbook_v1.md,8d02bea5342511bcd08dbfbe39b9a39cf7e5d415,efa96d1c6cb81b1aac8aa650161bae4425eec744bd49d5fec010ce86b9aa54b6,False,9960
WB-06,docs/testing/workbooks/text-templates/06_Cross_Route_Controlled_Comparison_Workbook_v1.md,d663fa366e469fe082d22ed5f88c2609cb6437dc,40edae502c4a3aeac3ea32893b894cb69265d7904e62b9ca42a7000cb34ae80b,False,8001
WB-06,docs/testing/workbooks/text-templates/06_Cross_Route_Controlled_Comparison_Workbook_v1.md,940735ede8907a478134bffdea7faca6503cccce,40edae502c4a3aeac3ea32893b894cb69265d7904e62b9ca42a7000cb34ae80b,False,8001
